k,inertia,silhouette,davies_bouldin,calinski_harabasz,min_cluster_size,max_cluster_size
5,1552.0396728515625,0.1103503480553627,2.717277834282527,263.73654795624736,386,1585
6,1488.454833984375,0.11818982660770416,2.69939116392796,253.7371039347641,363,925
7,1435.9876708984375,0.1192670688033104,2.6137892458566085,243.19610246767144,359,849
8,1389.3231201171875,0.12561097741127014,2.493590452562642,234.368542060035,278,862
9,1343.8897705078125,0.13421069085597992,2.370377368619062,228.65249620605485,257,659
10,1303.0693359375,0.14093953371047974,2.2760145643400858,223.31281449566265,222,653
11,1262.6578369140625,0.14993304014205933,2.1714358631329884,220.003535627776,222,653
12,1231.071044921875,0.15441906452178955,2.1524451652660965,214.29438007539443,196,626
13,1203.1907958984375,0.1577378362417221,2.331386563181859,208.56083914203785,203,544
14,1184.5147705078125,0.15853624045848846,2.4075140351779467,200.29064131618716,191,522
15,1166.4285888671875,0.1631927639245987,2.410951227684954,193.19050720890436,110,502
16,1152.61669921875,0.1637233942747116,2.3859311505789753,185.57709736432867,104,507
17,1142.9859619140625,0.15102741122245789,2.526876180361386,177.47693475050443,104,316
18,1133.95947265625,0.14239591360092163,2.589558200469178,170.17036784362824,106,297
19,1124.582275390625,0.14685361087322235,2.4387581338814925,163.84157078038015,91,449
20,1115.9737548828125,0.13461370766162872,2.6270522704442625,157.97604103222938,103,330
21,1106.83203125,0.13350462913513184,2.527942915990018,152.90545847287137,92,449
22,1100.7130126953125,0.12151820212602615,2.6528941547839966,147.43943697335465,94,353
23,1093.494140625,0.1194954439997673,2.725834614951508,142.8124341804164,88,260
24,1084.48974609375,0.128556028008461,2.557286179784667,139.12366433437558,30,442
25,1079.41748046875,0.12862743437290192,2.6219739004129177,134.68997600012028,31,282
