k,silhouette,davies_bouldin,calinski_harabasz,inertia,min_cluster_size,max_cluster_size
2,0.37186408042907715,1.1401840146649622,2268.203114704504,115458.9140625,1385,2576
3,0.4742790162563324,0.8192600593028998,3694.3894807464567,63348.765625,1253,1385
4,0.47955843806266785,0.8144513022933167,3508.0886264988226,49624.31640625,633,1323
5,0.5180147290229797,0.8548604828633177,3934.2815688507503,36481.82421875,539,1253
6,0.5302889347076416,0.8042316149988867,4421.405641197936,27559.625,496,784
7,0.5828539133071899,0.6809257658643767,5229.707022335076,20323.595703125,343,784
8,0.6171346306800842,0.5802394938452312,6660.85427631084,14193.5751953125,343,757
9,0.6566006541252136,0.5015827516843614,8537.209820474238,9933.814453125,242,757
10,0.6508116126060486,0.5139726366078022,9777.287821606258,7803.8232421875,242,551
11,0.6673421859741211,0.46288086193423755,11959.050534849852,5806.6279296875,214,538
12,0.6731289029121399,0.46070728585976267,13543.468695139205,4689.6181640625,214,538
13,0.6641678810119629,0.48867475409734507,14431.525902690673,4047.892333984375,185,532
14,0.6679310202598572,0.45209187726185623,14575.218855572182,3705.8662109375,105,538
15,0.6627271175384521,0.4549213089057699,14796.445561121001,3395.0322265625,101,532
16,0.6731407642364502,0.43853331172287724,15211.855913365258,3086.484375,37,538
17,0.6786210536956787,0.43918157772513344,15648.248102621788,2816.49169921875,37,538
18,0.6415547132492065,0.47923657102084616,16264.430046716678,2553.432373046875,37,451
19,0.6258572340011597,0.50486354130821,16754.79027965514,2343.150390625,37,451
20,0.6193804144859314,0.5434238126162649,16911.072989536828,2200.50439453125,37,451
21,0.6033999919891357,0.5524560591964116,17153.691205657284,2062.008544921875,37,451
22,0.5789135694503784,0.6079575369032859,17385.03203024073,1938.4986572265625,37,451
23,0.559783399105072,0.6555472274598556,17876.3617172522,1800.5689697265625,37,331
24,0.5577347278594971,0.6687076617359317,17879.594323358153,1722.33154296875,37,281
25,0.547427237033844,0.713500324373894,18190.53422223231,1622.8314208984375,37,281
