cluster,n_samples,unu_key_code,primary_category,eu_category,cosine_score,margin_vs_second,confidence,mapping_model,vote_code,vote_name,vote_winner_share,vote_confidence,gap_vote_share,top3_votes
0,281,0304,"Printers and scanners, copiers",Small IT,0.15611225366592407,0.05573049187660217,HIGH,google/siglip2-base-patch16-256,0304,"Printers and scanners, copiers",0.9181494661921709,MAJORITY,0.0,0304:92%; 0404:1%; 0109:1%
1,524,0306,Mobile Phones and smartphones,Small IT,0.12456449866294861,0.027444951236248016,MODERATE,google/siglip2-base-patch16-256,0306,Mobile Phones and smartphones,0.8912213740458015,MAJORITY,0.009541984732824428,0306:89%; 0402:4%; 0307:3%
2,357,GAP-SCRAP,"Dismantled mixed e-waste scrap, shredded residues and casing fragments",Basel/HS non-UNU e-waste stream,0.1602499634027481,0.006049998104572296,HIGH (COVERAGE_GAP:SCRAP),google/siglip2-base-patch16-256,GAP-SCRAP,"Dismantled mixed e-waste scrap, shredded residues and casing fragments",0.6694677871148459,MAJORITY (COVERAGE_GAP),0.6778711484593838,GAP-SCRAP:67%; 0303:4%; 0104:4%
3,290,0301,"Small IT equipment, routers, mice and keyboards",Small IT,0.14822472631931305,0.043948695063591,HIGH,google/siglip2-base-patch16-256,0301,"Small IT equipment, routers, mice and keyboards",0.9620689655172414,MAJORITY,0.0,0301:96%; 0302:2%; 0002:0%
4,101,0104,Washing Machines and combined dryers,Large equipment (excl. PV),0.13324543833732605,0.014003150165081024,LOW,google/siglip2-base-patch16-256,0104,Washing Machines and combined dryers,0.7821782178217822,MAJORITY,0.0,0104:78%; 0105:8%; 0201:5%
5,343,0301,"Small IT equipment, routers, mice and keyboards",Small IT,0.11028566211462021,0.010733567178249359,LOW,google/siglip2-base-patch16-256,0301,"Small IT equipment, routers, mice and keyboards",0.6472303206997084,MAJORITY,0.0029154518950437317,0301:65%; 0701:8%; 0402:7%
6,141,0408,"Flat-Panel Display TVs, LCD and LED",Screens and monitors,0.15056316554546356,0.023460522294044495,MODERATE,google/siglip2-base-patch16-256,0408,"Flat-Panel Display TVs, LCD and LED",0.8156028368794326,MAJORITY,0.0,0408:82%; 0309:6%; 0407:6%
7,242,0114,Microwaves,Small equipment,0.15442943572998047,0.04050382971763611,HIGH,google/siglip2-base-patch16-256,0114,Microwaves,0.8884297520661157,MAJORITY,0.0,0114:89%; 0103:7%; 0404:1%
8,228,0303,Laptops and tablets,Screens and monitors,0.14194101095199585,0.03347843885421753,MODERATE,google/siglip2-base-patch16-256,0303,Laptops and tablets,0.8464912280701754,MAJORITY,0.043859649122807015,0303:85%; 0301:8%; GAP-SCRAP:4%
9,277,GAP-BATT,"Portable batteries, dry cells, accumulator cells, AA AAA lithium-ion batteries",Basel/HS non-UNU e-waste stream,0.12983612716197968,0.005080088973045349,HIGH (COVERAGE_GAP:BATT),google/siglip2-base-patch16-256,GAP-BATT,"Portable batteries, dry cells, accumulator cells, AA AAA lithium-ion batteries",0.7581227436823105,MAJORITY (COVERAGE_GAP),0.7689530685920578,GAP-BATT:76%; 0404:10%; 0301:4%
10,122,0404,"Video equipment, DVD players and projectors",Small equipment,0.11040299385786057,0.00399123877286911,LOW,google/siglip2-base-patch16-256,0404/0403/0405?,mixed cluster (multi-candidate),0.4098360655737705,PLURALITY,0.00819672131147541,0404:41%; 0403:26%; 0405:11%
11,211,0407,Cathode Ray Tube Televisions,Screens and monitors,0.17014235258102417,0.016290098428726196,MODERATE,google/siglip2-base-patch16-256,0407,Cathode Ray Tube Televisions,0.7393364928909952,MAJORITY,0.08530805687203792,0407:74%; 0308:13%; GAP-SCRAP:9%
12,356,GAP-PCB,"Printed circuit boards, microcircuits, motherboards and IC scrap",Basel/HS non-UNU e-waste stream,0.15718212723731995,0.014258623123168945,HIGH (COVERAGE_GAP:PCB),google/siglip2-base-patch16-256,GAP-PCB,"Printed circuit boards, microcircuits, motherboards and IC scrap",0.6713483146067416,MAJORITY (COVERAGE_GAP),0.9241573033707865,GAP-PCB:67%; GAP-SCRAP:25%; 0307:3%
13,196,0104,Washing Machines and combined dryers,Large equipment (excl. PV),0.1403116136789322,0.009736448526382446,LOW,google/siglip2-base-patch16-256,0104,Washing Machines and combined dryers,0.8112244897959183,MAJORITY,0.0,0104:81%; 0105:16%; 0402:2%
14,105,0402,"Portable Audio and Video, MP3 players and e-readers",Small equipment,0.13243243098258972,0.00926998257637024,LOW,google/siglip2-base-patch16-256,0403/0402/0404?,mixed cluster (multi-candidate),0.47619047619047616,PLURALITY,0.0,0403:48%; 0402:31%; 0404:13%
15,150,0309,"Flat-Panel Display Monitors, LCD and LED",Screens and monitors,0.15237464010715485,0.014084205031394958,LOW,google/siglip2-base-patch16-256,0309,"Flat-Panel Display Monitors, LCD and LED",0.5466666666666666,MAJORITY,0.0,0309:55%; 0302:19%; 0408:14%
16,37,0901,"Household Monitoring and Control, smoke detectors and thermostats",Small equipment,0.10850737988948822,0.0026260167360305786,LOW,google/siglip2-base-patch16-256,0901/0701/0202?,mixed cluster (multi-candidate),0.24324324324324326,HETEROGENEOUS,0.05405405405405406,0901:24%; 0701:22%; 0202:14%
