cluster,n_samples,unu_key_code,short_name,auto_label,w_unit_kg,evi_raw_usd_kg,hi_baseline_raw,hi_mercury_raw,hi_equal_raw,mass_proxy_kg,mass_proxy_tons,total_econ_proxy_usd,evi_score,hi_baseline_score,hi_mercury_score,hi_equal_score,quadrant_baseline,quadrant_mercury,quadrant_equal,is_stable
0,281,0304,Printers & Copiers,Printers and scanners,12.13,2.06,4.81,4.81,4.81,3408.53,3.409,7021.57,32.83,8.82,8.82,8.82,Q1: Critical Urban Mining,Q1: Critical Urban Mining,Q1: Critical Urban Mining,True
1,524,0306,Smartphones,Mobile Phones and smartphones,0.08,57.44,7.97,7.97,7.97,41.92,0.042,2407.88,97.67,23.3,23.3,23.3,Q1: Critical Urban Mining,Q1: Critical Urban Mining,Q1: Critical Urban Mining,True
2,357,GAP-SCRAP,Mixed E-waste Scrap,Mixed e-waste scrap pile,1.0,0.85,4.04,4.04,4.04,357.0,0.357,303.45,16.6,4.08,4.08,4.08,Q4: General / Inert Residue,Q4: General / Inert Residue,Q4: General / Inert Residue,True
3,290,0301,Keyboards,Keyboards and input devices,0.4,0.48,3.66,3.66,3.66,116.0,0.116,55.68,6.85,1.46,1.46,1.46,Q4: General / Inert Residue,Q4: General / Inert Residue,Q4: General / Inert Residue,True
4,101,0104,Washing Machines,Washing Machines (top-load),74.36,0.58,4.16,4.16,4.16,7510.36,7.51,4356.01,10.0,4.86,4.86,4.86,Q4: General / Inert Residue,Q4: General / Inert Residue,Q4: General / Inert Residue,True
5,343,0301,Computer Mice,Computer mice and pointing devices,0.4,0.31,3.46,3.46,3.46,137.2,0.137,42.53,0.0,0.0,0.0,0.0,Q4: General / Inert Residue,Q4: General / Inert Residue,Q4: General / Inert Residue,True
6,141,0408,Flat-Panel TVs,Televisions (flat-panel),14.68,2.59,5.06,5.06,5.06,2069.88,2.07,5360.99,37.16,10.22,10.22,10.22,Q1: Critical Urban Mining,Q1: Critical Urban Mining,Q1: Critical Urban Mining,True
7,242,0114,Microwave Ovens,Microwaves,24.3,0.97,3.53,3.53,3.53,5880.6,5.881,5704.18,18.95,0.52,0.52,0.52,Q4: General / Inert Residue,Q4: General / Inert Residue,Q4: General / Inert Residue,True
8,228,0303,Laptops & Tablets,Laptops and tablets,1.35,25.53,5.79,5.79,5.79,307.8,0.308,7858.13,81.7,14.02,14.02,14.02,Q1: Critical Urban Mining,Q1: Critical Urban Mining,Q1: Critical Urban Mining,True
9,277,GAP-BATT,Batteries & Cells,Portable batteries,0.05,7.22,70.84,70.84,70.84,13.85,0.014,100.0,56.94,92.68,92.68,92.68,Q1: Critical Urban Mining,Q1: Critical Urban Mining,Q1: Critical Urban Mining,True
10,122,0403,Audio / Hi-Fi,Radio and Hi-Fi / music player boxes,3.73,1.11,4.54,4.54,4.54,455.06,0.455,505.12,21.38,7.23,7.23,7.23,Q3: Fast Circular Recovery,Q3: Fast Circular Recovery,Q3: Fast Circular Recovery,True
11,211,0407,CRT Televisions,"CRT Televisions (convex, old)",33.2,0.77,88.48,88.48,88.48,7005.2,7.005,5394.0,14.86,100.0,100.0,100.0,Q2: Hazardous Neutralization,Q2: Hazardous Neutralization,Q2: Hazardous Neutralization,True
12,356,GAP-PCB,Printed Circuit Boards,Printed circuit boards,0.25,64.63,30.28,30.28,30.28,89.0,0.089,5752.07,100.0,64.95,64.95,64.95,Q1: Critical Urban Mining,Q1: Critical Urban Mining,Q1: Critical Urban Mining,True
13,196,0104,Washing Machines,Washing Machines (front-load),74.36,0.58,4.16,4.16,4.16,14574.56,14.575,8453.24,10.0,4.86,4.86,4.86,Q4: General / Inert Residue,Q4: General / Inert Residue,Q4: General / Inert Residue,True
14,105,0403,Audio / Hi-Fi,Radio and Hi-Fi equipment,3.73,1.11,4.54,4.54,4.54,391.65,0.392,434.73,21.38,7.23,7.23,7.23,Q3: Fast Circular Recovery,Q3: Fast Circular Recovery,Q3: Fast Circular Recovery,True
15,150,0309,LCD/LED Monitors,Flat-Panel Display Monitors,8.2,5.2,5.05,5.05,5.05,1230.0,1.23,6396.0,50.56,10.17,10.17,10.17,Q1: Critical Urban Mining,Q1: Critical Urban Mining,Q1: Critical Urban Mining,True
16,37,GAP-OTHER,Power Outlets & Switches,Power outlets and switches (no UNU-KEY),0.08,3.73,6.11,6.11,6.11,2.96,0.003,11.04,44.14,15.55,15.55,15.55,Q1: Critical Urban Mining,Q1: Critical Urban Mining,Q1: Critical Urban Mining,True
